Title,Brand
Akhirnya! BMW M4 CSL 2023 Telah Rilis,BMW
Beginilah Keseruan BMW Joyfest 2022 di Sirkuit Sentul.,BMW
BMW Astra Driving Experience Kembali Hadir di Sirkuit Sentul,BMW
"BMW Seri 3 G20 LCI, Tetap Pakai Gril Normal!",BMW
"BMW Godok Rangka Baru Khusus Mobil Listrik, Ini Namanya!",BMW
Daihatsu Indonesia Masters 2022 Siap Digelar Pada 7-12 Juni 2022 di Istora Senayan Jakarta,Daihatsu
"Awali Kuartal 2 Tahun 2022, Penjualan Daihatsu Naik 41,8%",Daihatsu
Ford Patenkan Remote Engine Start dengan Revving System,Ford
Seminggu Bersama Honda BR-V #1 : Aslinya Lebih Menarik Daripada Fotonya,Foton
Honda ZR-V : Ternyata Bukan Versi Produksi SUV RS Concept,Honda
"Honda SUV RS Concept Sapa Publik Jawa Tengah, Tes Pasar?",Honda
Honda Imora Sentul : Dealer Honda Dengan Peforma Terbaik di Jabodetabek!,Honda
"Penjualan Honda Indonesia Naik (Lagi) Bulan Lalu, Efek All New HR-V?",Honda
Honda Brio RS Urbanite Jadi Official Car Clerk of The Course Untuk ISSOM 2022!,Honda
"Honda Brio Virtual Modification Kembali, Karya Pemenang Bakal Dibuat Versi 1:1",Honda
Seminggu Bersama Honda BR-V #2 : Fun To Drive & Suspensi Lebih Enak,Honda
"Inilah Alasan Mengapa Honda Mobilio Tetap Dijual, Walaupun Hanya 1 Tipe",Honda
Honda Jadi Sponsor Utama Japanese Grand Prix 2022,Honda
Seminggu Bersama Honda BR-V #1 : Aslinya Lebih Menarik Daripada Fotonya,Honda
Seminggu Bersama Honda BR-V #3 : Gallery Foto,Honda
"Ngebut Pakai All New Honda HR-V RS di Sirkuit Mandalika, Karakternya Unik!",Honda
"Inden All New Honda HR-V Mengular, Honda Indonesia Minta Support Prinsipal",Honda
Apa Yang Membuat Hyundai CRETA Cocok Jadi Mobil Pertamamu?,Hyundai
"Hyundai Indonesia Panen SPK IONIQ 5, Tembus 1.587 Unit?",Hyundai
"Mazda2 Sedan Diuji Jalan di Indonesia, Pasar Sedan Memanas?",Mazda
"Eurokars Siapkan New Mazda CX-5 Elite Untuk Konsumen Sogo, Kumpulin Poinnya!",Mazda
Mitsubishi Fuso Rayakan Eksistensi 90 Tahun Fuso,Mitsubishi
"All New Nissan X-Trail Versi Australia Pakai ProPilot, Indonesia Menyusul?",Nissan
Bos Renault : Terlalu Cepat Pindah ke EV Akan Menyakiti Lingkungan,Renault
"Renault Scenic Resmi Disuntik Mati, Au Revoir MPV Cantik",Renault
"Geely Beli 34% Saham Renault Korea Selatan, Demi Apa?",Renault
"Gegara Invasi Ke Ukraina, Renault Bakal Angkat Kaki Dari Russia?",Renault
Inilah Bocoran Calon SUV Subaru di Indonesia!,Subaru
"Inilah Penjelasan Cara Kerja Suzuki Smart Hybrid, Simple Sob",Suzuki
Suzuki Smart Hybrid : Kejutan Baru Untuk Konsumen Indonesia?,Suzuki
Mengapa Suzuki Lebih Suka AGS Ketimbang CVT? Ini Alasannya!,Suzuki
"Ogah Kalah Dari Avanza, Toyota C-HR Hybrid Dibekali Toyota Safety Sense & T inTouch",Toyota
"Sedan Misterius Terjepret di Thailand, All New Toyota Vios Pakai DNGA?",Toyota
"Demi Produksi Komponen EV di India, Toyota Investasikan 9 Triliun Rupiah",Toyota
Khann Rilis Paket Dress-Up Untuk Toyota Land Cruiser 300,Toyota
Toyota bZ4X AWD Tidak Bisa Fast-Charging Dalam Cuaca Ekstrim!,Toyota
xEV Center : Pusat Belajar Mobil Listrik Dari Toyota Untuk Indonesia,Toyota
"Jadi Hybrid + Monokok, Apakah Toyota Innova Ladder Frame Akan Disuntik Mati?",Toyota
"Toyota Luncurkan Fortuner Dengan Mild-Hybrid Tahun Depan, Indonesia Kebagian?",Toyota
"Inilah 4 Zona di xEV Center Toyota Indonesia, Bisa Nyoba Mobil Listrik!",Toyota
Toyota Innova Hybrid Akan Gunakan Platform TNGA-C?,Toyota
"Volkswagen Rilis Golf R 20 Years Edition, Versi Terkencang Yang Pernah Diproduksi!",Volkswagen
"Wuling Experience Weekend: The Next Innovation, Mulai Digelar di Jakarta",Wuling
Wuling Experience Weekend: Experience the Next Innovation Hadir di Bekasi,Wuling
Wuling Exclusive Offers : Promo Seluruh Line Up Untuk Pemburu Diskon!,Wuling
"Yamaha STSJ Berbagi Kasih, Sambangi Liponsos Keputih Surabaya",Yamaha
Ratusan Orang Manfaatkan Bengkel Jaga Yamaha Jatim Selama Arus Mudik & Balik,Yamaha
