,Title,Brand
0,Audi Siapkan Mobil Q5 Generasi Baru,Audi
1,Akhirnya! BMW M4 CSL 2023 Telah Rilis,BMW
2,Begini Penampakan Mobil SUV Terbaru yang Menjadi Pesaing BMW,BMW
3,BMW Resmi Meluncurkan Mobil dengan Penyegaran Baru,BMW
4,BMW Astra Ajak Konsumennya Menjajal Sirkuit Sentul,BMW
5,BMW Indonesia dan Allianz Worldwide Partners Sempurnakan Layanan Derek,BMW
6,Ini yang Didapat Dari Layanan BMW Roadside Assistance,BMW
7,Joyfest: BMW Astra Driving Experience 2022 Kembali Bergulir di Sirkuit Sentul,BMW
8,Sensasi Berkendara di Sirkuit Ala Joyfest 2022 Persembahan BMW Astra,BMW
9,"Joyfest 2022, BMW Astra Ajak Pecinta BMW Geber Mobil di Sirkuit Sentul",BMW
10,Mewah! Ada Kristal Swarovski di Lampu Depan Mobil Listrik BMW i7,BMW
11,"BMW Percaya Tren Head Unit Berukuran Besar akan Berakhir, Menurut Anda?",BMW
12,BMW Diskusikan Rencana Perakitan Mobil PHEV di Indonesia,BMW
13,BMW Tarik Ratusan Unit Kendaraanya Karena Masalah Ini,BMW
14,"Suzuki Cabut Dari MotoGP, BMW Rumornya Ancang-ancang Jadi Pengganti",BMW
15,BMW Hadirkan Mobil Model Terbaru yang Lebih Murah,BMW
16,BMW Astra Driving Experience Kembali Hadir di Sirkuit Sentul,BMW
17,"BMW Seri 3 G20 LCI, Tetap Pakai Gril Normal!",BMW
18,"BMW Godok Rangka Baru Khusus Mobil Listrik, Ini Namanya!",BMW
19,Beginilah Keseruan BMW Joyfest 2022 di Sirkuit Sentul.,BMW
20,"Belum Rilis Produk, Chery Klaim Ribuan Konsumen Sudah Antre Mau Beli Unitnya",Chery
21,Keren! Chery Tiggo 7 Pro Pakai Filter Ini Untuk Jaga Kebersihkan Udara Di Kabinnya,Chery
22,"Jenazah Mental Keluar Kabin, Ambulans Terobos Lampu Merah Tinju Chevrolet Spin",Chevrolet
23,"Dibawa Pelajar Usia 18 Tahun, Chevrolet Spin Bikin Heran, Posisi Berhenti Tak Lazim",Chevrolet
24,"Daihatsu Indonesia Masters 2022, Tahun Ini Bisa Ditonton Langsung",Daihatsu
25,Penjualan Daihatsu Terios Turun Gara-gara Ini,Daihatsu
26,"Tampilan Sporty Daihatsu Sirion, dan YouTuber Dipepet Bus TJ",Daihatsu
27,"Segera Lepas Kandang, Penampakan Daihatsu Sirion Facelift Tepergok, Intip Fiturnya",Daihatsu
28,"Siap-siap, Daihatsu Pamerkan Mobil Barunya Awal Juni, Sirion Facelift?",Daihatsu
29,"Sopir Isuzu Elf Pusing, Bikin Bonyok Daihatsu Gran Max, Mental Nonjok Panther",Daihatsu
30,"Awali Kuartal 2 Tahun 2022, Penjualan Daihatsu Naik 41,8%",Daihatsu
31,Daihatsu Indonesia Masters 2022 Siap Digelar Pada 7-12 Juni 2022 di Istora Senayan Jakarta,Daihatsu
32,"Digulung Sigra dan Ayla, Ini Sebab Rocky Tak Masuk Lima Mobil Terlaris Daihatsu",Daihatsu
33,"Melonjak 41,8 Persen, Penjualan Daihatsu Xenia terus Naik",Daihatsu
34,65 Bengkel Siaga Daihatsu Siap Temani Arus Balik Mudik,Daihatsu
35,"Harga Mobil Daihatsu Tak Goyang, Padahal Ada Isu Global dan Kelangkaan Chip",Daihatsu
36,"Dipergoki Anggota TNI, Daihatsu Xenia Ditinggal Kabur, Isi Kabin Sesuai Dugaan",Daihatsu
37,"Dokter Bertangan Dingin, Daihatsu Gran Max Buluk Disulap Kayak Baru",Daihatsu
38,"Misterius, Daihatsu Xenia Dikeroyok Api Saat Maghrib, Pengemudi Menghilang",Daihatsu
39,"Pria Bertangan Setan Diburu Polisi, Dua Kali Terekam CCTV, Lukai Bodi Daihatsu Xenia",Daihatsu
40,"Koprol ke Jurang Kere, Daihatsu Espass Babak Belur, Luka di Tubuh Sopir Mengejutkan",Daihatsu
41,Bengkel Siaga Daihatsu Ramai Dikunjungi Selama Libur Lebaran,Daihatsu
42,Penguasaan Pasar Daihatsu di Indonesia Sejauh Ini Terus Lampaui Target!,Daihatsu
43,"Merek Mobil China & Korea Makin Serius Garap Indonesia, Daihatsu Tetap Percaya Diri",Daihatsu
44,Xenia Masih Jadi Mobil Daihatsu dengan Pertumbuhan Penjualan Tertinggi,Daihatsu
45,"Enggak Perlu Dikuras, Segini Biaya Ganti Oli Matik Toyota Calya dan Daihatsu Sigra",Daihatsu
46,"Mobil Doang Gagah, Sopir Daihatsu Taft Hiline Dicari Polisi, Alasan Tak Punya Nurani",Daihatsu
47,"Daihatsu Ucapkan Terimakasih, Ganda Putra Bulutangkis Indonesia Juara Internasional Daihatsu Indonesia Masters",Daihatsu
48,"Tragedi Maut Daihatsu Sigra Diparut Truk, Bodi Kanan Sobek, Ibu Guru Tutup Usia",Daihatsu
49,"Pengendara Suzuki Spin Bikin Kesalahan Fatal, Tewas Sia-sia, Disabet Daihatsu Xenia",Daihatsu
50,"Bukan Karena Truk, Ini Penyebab Asli Daihatsu Ayla Tenggelam di Sungai Balongbendo",Daihatsu
51,"Bodi Daihatsu Taruna Cekung, Atap Terlipat, Tusukan Maut Truk Boks Telan Nyawa",Daihatsu
52,"Waspada Bekas Taksi Online, Begini Tips Berburu Toyota Calya dan Daihatsu Sigra",Daihatsu
53,"Dipakai Ngelatih Istri Nyetir, Pak Gimin Syok, Seisi Daihatsu Espass Jadi Rongsokan",Daihatsu
54,"Di Tengah Tren SUV, Kok Terios Cuma Mobil Terlaris Kelima Daihatsu?",Daihatsu
55,"Gara-gara Toyota Vios Mogok Kehabisan Bensin, Daihatsu Gran Max Jumpalitan",Daihatsu
56,"Selisih Rp 9,2 Juta, Ini Perbedaaan Dua Varian Daihatsu Sirion 2022",Daihatsu
57,"Tanpa Fitur ASA, Konsumen Daihatsu Sirion 2022 Bisa Hemat Rp 10 Jutaan",Daihatsu
58,"Ada 14 Perubahan Daihatsu New Sirion 2022, Ini Dia Detailnya",Daihatsu
59,"Daihatsu Sirion 2022 Pantang Mundur di Tanjakan, Fitur Canggih Jadi Pemikat",Daihatsu
60,"Daihatsu Sirion Anyar Keluar Kandang, Tawarkan 2 Varian, Segini Harganya",Daihatsu
61,"Daihatsu New Sirion 2022 Meluncur, Bidik Milenial, Harga Segini",Daihatsu
62,"Transmisi CVT Daihatsu Sirion 2022 Beda Dari Biasanya, Ada Tambahan Ini",Daihatsu
63,"Setahun Ngejogrok, Daihatsu Xenia Terbakar Misterius, Hampir Seluruh Bodi Melepuh",Daihatsu
64,"Ayah Ceroboh Tinggalin Anak di Kabin, Stater Mesin, Datsun Go+ Kecemplung Irigasi",Datsun
65,Datsun Bakal Dijadikan Mobil Listrik Murah oleh Nissan,Datsun
66,"Lagi Dibahas, Peluang ‘Hidupkan’ Datsun Sebagai Merek Mobil Listrik Murah",Datsun
67,"Punya Banyak Model Bodi, Varian Basic Ford Ranger Mulai Rp 230 Jutaan",Ford
68,"Ford Ranger di Negara Seberang Dapat Tiga Varian Baru, Berikut Detailnya",Ford
69,Pesaing Mobil Ford Ranger Raptor Segera Hadir,Ford
70,Ford Patenkan Remote Engine Start dengan Revving System,Ford
71,Ford Resmi Menampilkan Kendaraan Futuristik Bertenaga Listrik,Ford
72,Seminggu Bersama Honda BR-V #1 : Aslinya Lebih Menarik Daripada Fotonya,Foton
73,"Usai Digelar, Ini Pemenang Hino Telematic Safety Driving Competition 2022",Hino
74,"Memuaskan, Akselerasi All New Honda HR-V RS Jauh Ngejambak Dari Model Lama",Honda
75,"Honda CR-V Facelift Mengintip, Pamer Teknologi Lewat Emblem di Pintu Bagasi",Honda
76,"Honda CR-V Gen 3 Usia Sudah 10 Tahun, Ini Estimasi Perawatan Girboks Maticnya",Honda
77,"Small SUV Honda Tantang Raize Dan Sonet, Muncul Enggak Lama Lagi",Honda
78,"Putar Arah Diseret Truk Tangki, Honda CBR150R Meleleh, Satu Orang Lepas Nyawa",Honda
79,"Update Harga Sedan Honda per Mei, City Sampai Civic RS, Dibanderol Segini",Honda
80,"Posisi dan Kondisi Tak Biasa, Honda City Dikerumuni Polwan di Pulogadung",Honda
81,"Honda Civic FB Seken Sering Alami Penyakit Ini, Sekali Dandan Habis Duit Rp 2 Jutaan",Honda
82,"Mengerikan, Kondisi Hancur Lebur, Honda Mobilio Jebol Pagar Besi Ruas Tol Madiun",Honda
83,"Anti Panas dan Hujan, Pasaran Toyota Corolla Twincam 1.6 Seharga Honda PCX 160",Honda
84,"Anak Durhaka, Ngamuk Bakar Honda PCX di Garasi, Rumah dan Suzuki Carry Ikut Ludes",Honda
85,"Pilih Kasih, Honda Tolak Upgrade Motor Pol Espargaro, Takaaki Nakagami Diuntungkan",Honda
86,"Mencengangkan, Disabilitas Berotak Maling, Gondol Honda Civic FB2 Modus COD",Honda
87,"Ancang-ancang Ditendang Honda, Pol Espargaro Ngaku Ditawari Kerjaan Gaji Gede",Honda
88,"Termurah Sejutaan, Segini Harga Sokbreker Honda HR-V Dari Beberapa Merek",Honda
89,"Kawin Jeroan, Piston Kawasaki Kaze Ditanam ke Honda Scoopy, Mesin Naik Cc Segini",Honda
90,"Bocil 15 Tahun Haus Duit, Delapan Kali Nyolong Honda BeAT, Kecanduan Game Online",Honda
91,"Satu Produk Beda Komponen, Honda Genio Lama Enggak Bisa Dipasangi Pelek 12 Inci",Honda
92,"Estimasi Penggantian Komponen Transmisi Manual Honda CR-V Gen 3, Konsumen Siapkan Dana Segini",Honda
93,"Toyota Camry Bikin Runyam, Nyalip Disambut Honda BR-V, Pengendara Scoopy Jadi Korban",Honda
94,"Skutik 125 Cc Baru Honda Rp 21 Jutaan, Desain Gabungan BeAT dan Vario 125",Honda
95,"Tenaga Memuaskan, Segini Konsumsi Bensin Honda Civic RS di Rute Dalam Kota dan Tol",Honda
96,"Disiksa Sampai 5 Tahun, Segini Budget Servis Honda Civic RS Hingga 100 Ribu Km",Honda
97,"Terbengkalai, Puluhan Honda Supra dan Suzuki Smash Pelat Merah Berdebu Parah di Kantor Pemkot Depok",Honda
98,"Petaka Lawan Arus, Pengendara Honda Supra Meregang Nyawa, Lawan Tak Seimbang",Honda
99,"Skutik Besar Baru Suzuki, Fitur Bikin Honda Forza dan Yamaha XMAX Keringat Dingin",Honda
100,"Pelihara All New Honda Civic RS, Tiap Tahun Wajib Setor Pajak Segini",Honda
101,"Akselerasi Honda Civic RS Ngejambak, Lebih Kencang 2,4 Detik Dari Rival Dekat Ini",Honda
102,"Honda BeAT Sampai Scoopy Dijejer Rapi Polisi, Lima Orang Tertunduk, Tangan Diborgol",Honda
103,"Dikasih Info, Honda BeAT Berumur Hati-hati, Rawan Diserang Penyakit Ini",Honda
104,"Melintir Jadi Petaka, Benturan Keras Bikin Toyota Avanza dan Honda Brio Sisa Rangka",Honda
105,"Menolak Standar, Body Kit Rp 6 Jutaan Bikin Honda HR-V 2022 Jadi Lirikan",Honda
106,"Cianjur Banjir Parah, Honda Brio Ikut Kebawa Arus, Posisi Lagi Parkir",Honda
107,"Honda Civic FB Seken Butuh Dirawat Transmisi Matiknya, Anjuran Tiap 40 Ribu Km",Honda
108,"Honda Sonic 150R Enggak Nongol Lagi di Website AHM, Pertanda Pamit?",Honda
109,"All New Honda HR-V Bisa Makin Ganteng, Pasang Aksesori Ini, Harga Mulai Rp 180 Ribuan",Honda
110,"Penjualan Motor Honda di Bulan Mei 2022 Amblas, Turun Sampai 50 Persen",Honda
111,"Honda Jazz GE8 Bugar Lagi, Bisa Ganti Komponen Fast Moving, Mulai Rp 45 Ribuan",Honda
112,"Mesin Honda Vario 160 Terlindungi, Pasang Cover Engine, Siap Duit Segini",Honda
113,"Dibawa Wanita Muda, Honda Jazz Sasak Puluhan Motor, Efek Gagal Nyalip",Honda
114,"Resmi Jadi Tersangka, Sopir Honda Jazz GE8 Penggilas Bocah di Pancoran Ditahan",Honda
115,"Tim Suzuki Bubar, LCR Honda Siap Tampung Joan Mir dan Alex Rins Buat MotoGP 2023",Honda
116,"Ayahnya Teriak Histeris, Saksikan Anak Terseret Honda Jazz, Sopir Belum Tersangka",Honda
117,"Lampu Depan Honda PCX 160 Getar, Solusi Ganti Part Milik Toyota Fortuner Ini",Honda
118,"Wajar Terjadi, CVT Honda BeAT Karbu Gredek, Cek dan Ganti Karet Goceng Ini",Honda
119,"PNS Berstatus Janda Kena Rayu Brimob Gadungan, Honda Brio Sempat Lenyap",Honda
120,"Video Pilu, Honda Jazz GE8 Seruduk Motor, Anak 7 Tahun Tergilas Masuk Kolong",Honda
121,"Mesin Sampai Kabin Honda Civic Terbelah, Tiga Remaja Bau Minuman Khas, Tewas Sia-sia",Honda
122,"Honda HR-V Seken Niat Dibeli, Segini Konsumsi Bensin dan Akselarasinya, Irit!",Honda
123,"Honda Ngeluh Balap di MotoGP Bikin Bosan, Bos Dorna Sports Angkat Bicara",Honda
124,"Honda Brio Tetap Jadi Raja, Apa Kabar Penjualan HR-V dan BR-V?",Honda
125,"Niat Laundry Justru Nangis, Honda BeAT Lenyap di Depan Mata Pemilik",Honda
126,"Niat Tebus Honda HR-V Seken, Pelajari Dulu Kelebihan & Kekurangannya",Honda
127,"Babe Cabita Kasih Rp 15 Juta, Asal Bisa Seret Pria Gondol Honda BeAT di Cafe Miliknya",Honda
128,"Panas! Negosiasi Sama Honda Belum Jelas, Joan Mir Mepet ke Ducati",Honda
129,"Tanam Piston Kawasaki Kaze di Honda Scoopy, Injektor Motor Ini Bisa Ngimbangin",Honda
130,"Tergoda Lihat Kunci Kontak, Guru Spiritual Embat Honda Brio Muridnya, Laku Rp 15 Juta",Honda
131,"Asyiknya Honda Big Bike Jateng Touring ke Pangandaran, Bikin Peserta Ketagihan",Honda
132,"Serunya Puluhan Bikers Honda Sunmori ke Gubug Serut, Disambut Hidangan Lokal",Honda
133,"Ngaku Honda PCX Digondol Begal, Pelapor Malah Ditangkap Polisi, Faktanya Bikin Tepok Jidat",Honda
134,"Panoramic Glass Roof Honda HR-V Tak Bisa Dibuka, Ini Jawaban Honda",Honda
135,"Honda CB150X Dihujani Promo, Harga Kepangkas, Khusus Buat Status Ini",Honda
136,"Yamaha Aerox 155 Deg-degan, Honda Luncurkan Skutik Baru Bermesin Vario 160",Honda
137,"Sedan Mewah Toyota Camry Rp10 Jutaan, dan Harga Rival Honda CR-V",Honda
138,Honda Kembali Meninjau Rancangan Mobil Listriknya,Honda
139,Ada yang Mengejutkan di Atap Honda HR-V Baru,Honda
140,"Panoramic Sunroof Honda HR-V Pakai Tirai, Bukan untuk Tolak UV",Honda
141,"Atap Honda HR-V Mengejutkan, dan Polisi Tilang Pakai Handphone",Honda
142,Daftar Mobil Honda yang Belinya Harus Inden,Honda
143,Desain Honda HR-V Berubah Gara-gara Ini,Honda
144,Honda Janjikan Waktu Inden All New HR-V Tidak Lama Berkat ini,Honda
145,Honda CRF1100L Africa Twin Adventure Sports Makin Canggih,Honda
146,"All New Honda Civic RS, Safety Car di Ajang Mandalika Track Day 2022",Honda
147,New Honda Brio RS Urbanite Edition Jadi Armada Resmi ISSOM 2022,Honda
148,"Enggak Nyangka, Honda HR-V RS Turbo Asyik Dibejek Di Mandalika",Honda
149,"Perdana, Honda SUV RS Concept Sambangi Kota Semarang",Honda
150,Potongan Harga Bagi Mahasiswa Calon Pemilik Honda CB150X,Honda
151,Honda Cina Bakal Luncurkan e: NS1 dan e: NP1 di Tiongkok,Honda
152,"Inden Mobil Rp130 Jutaan, dan Sebab Desain Honda HR-V Berubah",Honda
153,Honda Siap Memperkenalkan CR-V Terbaru di Amerika Utara,Honda
154,Cara Mudah Beli Honda HR-V Tanpa Perlu Inden Lama,Honda
155,Segini Harga Rival Honda CR-V di Malaysia,Honda
156,"Honda Mobilio Cuma Ada 1 Varian, Ini Alasannya",Honda
157,Pendapatan Honda Menurun Karena Masalah Ini,Honda
158,Honda ZR-V : Ternyata Bukan Versi Produksi SUV RS Concept,Honda
159,"Honda SUV RS Concept Sapa Publik Jawa Tengah, Tes Pasar?",Honda
160,Honda Imora Sentul : Dealer Honda Dengan Peforma Terbaik di Jabodetabek!,Honda
161,"Penjualan Honda Indonesia Naik (Lagi) Bulan Lalu, Efek All New HR-V?",Honda
162,Honda Brio RS Urbanite Jadi Official Car Clerk of The Course Untuk ISSOM 2022!,Honda
163,"Honda Brio Virtual Modification Kembali, Karya Pemenang Bakal Dibuat Versi 1:1",Honda
164,Seminggu Bersama Honda BR-V #2 : Fun To Drive & Suspensi Lebih Enak,Honda
165,"Inilah Alasan Mengapa Honda Mobilio Tetap Dijual, Walaupun Hanya 1 Tipe",Honda
166,Honda Buka-bukaan soal Masa Depan Mobilio,Honda
167,Honda Jadi Sponsor Utama Japanese Grand Prix 2022,Honda
168,Seminggu Bersama Honda BR-V #3 : Gallery Foto,Honda
169,"Ngebut Pakai All New Honda HR-V RS di Sirkuit Mandalika, Karakternya Unik!",Honda
170,"Inden All New Honda HR-V Mengular, Honda Indonesia Minta Support Prinsipal",Honda
171,Mobil Baru Honda Konsumsi Bensinnya 26 Km per Liter,Honda
172,"Pesaing Toyota Raize, dan Konsumsi BBM Mobil Honda 26 Kpl",Honda
173,Honda HR-V Baru Ini Bikin Netizen Sedih,Honda
174,"Honda HR-V Bikin Sedih, dan Mobil Baru di Bawah Rp150 Juta",Honda
175,Honda Adakan Ajang Drifting di BSD Pakai Brio,Honda
176,Seminggu Bersama Honda BR-V #1 : Aslinya Lebih Menarik Daripada Fotonya,Honda
177,Jelajah Lombok dan Bali Naik All New Honda HR-V,Honda
178,"Ajang Slalom Honda Brio Resmi Dimulai, Tantang Pecinta Slalom Tanah Air",Honda
179,"Honda Brio Bikin geger Warga, Remuk di Bawah Pohon, Penumpang Tak Bernyawa",Honda
180,"Bakal Banyak Ketemu Kembaran di Jalan, Varian All New Honda HR-V Ini Paling Laku",Honda
181,"Musuh Honda CR-V Dkk Kembali, Subaru Forester 2022 Unjuk Kelebihan Ini",Honda
182,"Skutik 160 Cc Baru Honda 2022, Desain Kalem Tapi Performa Mesin Ngejambak",Honda
183,"Honda PCX 160 Dijamin Gaya, VND Luncurkan Tromol Untuk Pelek Jari-Jari, Bahan Kuat",Honda
184,Honda Civic RS Diberi Tugas Penting  di Gelaran Mandalika Track Day,Honda
185,"Konsumen Bebas Pilih, Beda Honda CB150X SE dan Standar Ada di Sebelah Sini",Honda
186,"Inden All New Honda HR-V di Indonesia Belum Seberapa, di Jepang Bisa Setahun!",Honda
187,"Suzuki Thunder 125 Kembali, Setang Model Jepit, Harga di Bawah Honda Verza 150",Honda
188,"Reinkarnasi Honda GL 100, Mesin 125 Cc Injeksi, Harga Menggiurkan",Honda
189,"Upgrade Kaki-kaki Honda CB150X, Gagah Pakai Pelek Ruji, Paket Mulai Rp 7 Jutaan",Honda
190,"Kacau Nih, Pol Espargaro Sudah Mulai Membandingkan Honda dan KTM, Gini Katanya",Honda
191,"Mirip Ayam Jago, Knalpot Honda CB150X Punya Tembolok, Ini Fungsinya",Honda
192,"Ujian Berat Sopir Honda Mobilio, Istri dan Satu Anak Tewas, Dua Lainnya Luka Berat",Honda
193,"Honda CB150X Waspada, Muncul Musuh Baru Bermesin 183 Cc, Ini Spesifikasinya",Honda
194,Pesaing Honda CR-V akan Segera Hadir di India,Honda
195,"Krisis Cip Semikonduktor, Honda Cari Komponen Brio di Pemasok Lain",Honda
196,BR-V Berpotensi Jadi Mobil Terlaris Honda di Indonesia Menggantikan Brio,Honda
197,"Satpam Deg-degan, Nemu Honda BeAT Teronggok di Kuburan, Pemilik Ketemu Lewat WA",Honda
198,"Honda Rilis Teaser CR-V 2023, Seperti ini Tampangnya",Honda
199,"Lagi Riset untuk SUV Pesaing Raize, Honda Beberkan Kisaran Harganya!",Honda
200,"Terungkap, Alasan All New Honda HR-V Rakitan Indonesia Tak Ikut Diekspor",Honda
201,"Sunroof Honda HR-V Lawas Elektrik, Kok yang Baru Malah Jadi Manual?",Honda
202,"Masih Dilanda Krisis Cip, Inden All New Honda HR-V Sampai September 2022",Honda
203,"Motor Trail ‘Sultan’ Honda CRF1100L Punya Fitur Baru, Harga Mulai Rp620 Juta",Honda
204,"Honda Brio Virtual Modification 2022 Resmi Digelar, Hadiah Puluhan Juta Rupiah Tunai!",Honda
205,"Honda CB150X Dites, Ketahuan Karakter Aslinya, Ini Plus dan Minusnya",Honda
206,"Dejavu! Honda SUV RS Concept Dibawa Keliling Kota, Kini ke Semarang",Honda
207,"Periksa Mobil Honda Kesayangan di Bengkel Honda Camp, Konsumen Menang Banyak",Honda
208,"Honda Civic Turbo Hatchback Modifnya Tanpa Batas, Selalu Ada Part Baru",Honda
209,"Honda Jazz GD3 Masih Ngelawan, Model Masih Enak Dilihat, Interior Oke",Honda
210,"Jangan Protes, Karena Alasan Ini Honda HR-V 2022 Cuma Pakai Panoramic Roof",Honda
211,"Biang Kerok Sepele, Honda Jazz Isi Kakak Beradik Koprol ke Semak Belukar",Honda
212,"Tubuh Pengendara Tergencet, Honda BeAT Amburadul di Antara Xenia dan Gran Max",Honda
213,Fakta Mengejutkan Mobil Baru Pesaing Hyundai Creta,Hyundai
214,Hyundai Ioniq 6 Segera Mengaspal,Hyundai
215,"Menjadi Pesaing Ertiga dan Avanza, Segini Harga Hyundai Stargazer",Hyundai
216,"Mengulik Kecanggihan Sistem Keamanan Hyundai CRETA, Hyundai SmartSense",Hyundai
217,Hyundai Semakin Tenar di Indonesia,Hyundai
218,"Mengintip Kabin Hyundai CRETA, Tonjolkan Nuansa Sporty yang Nyaman dan Berkelas",Hyundai
219,"Sales Segera Dapat Pelatihan, Hyundai Stargazer Kemungkinan Meluncur Bulan Ini",Hyundai
220,"Bosnya Sendiri Bocorkan, Hyundai Siap Bikin Mobil Listrik Murah",Hyundai
221,"Bos Hyundai Ditodong, Kapan Bikin Mobil Listrik Murah? Ini Jawabnya",Hyundai
222,"Shin Tae-yong’s Bawa Indonesia Lolos ke Piala Asia 2023, Begini Cerita Coach Shin Saat Nyetir Hyundai Creta",Hyundai
223,"Akhirnya Ketahuan, Tampang Hyundai Stargazer Resmi Dirilis, Terinspirasi Garis Katulistiwa",Hyundai
224,"Hyundai Motorstudio Ke-7 Dunia Ada di Indonesia, Diserbu Ribuan Pengujung Karena Ini",Hyundai
225,Bocoran Spesifikasi Mobil Toyota Pesaing Hyundai Creta,Hyundai
226,"Bukan Raize, Ini Mobil Baru Pesaing Hyundai Creta dari Toyota",Hyundai
227,"Harga Pesaing Ioniq 5, dan Hyundai Siapkan Pabrik Baru",Hyundai
228,Segini Harga Mobil Pesaing Hyundai Ioniq 5 di Malaysia,Hyundai
229,Hyundai Siapkan Pabrik Mobil Listrik Baru Senilai Rp80 Triliun,Hyundai
230,Hyundai Resmi Kenalkan Mobil Baru di India,Hyundai
231,Mobil Bekas Hyundai Jarang Ada di Showroom,Hyundai
232,"Hyundai Semakin Tenar, dan Bikin Mobil Kembali Nyaman",Hyundai
233,Ratusan Ribu Mobil Hyundai Kena Recall karena Berpotensi Terbakar,Hyundai
234,Mobil Pesaing Hyundai Ioniq 5 Bakal Meluncur di India,Hyundai
235,"Harga OTR Hyundai Stargazer Ketemu, Murah Mana Dari Avanza, Xenia Sampai Xpander?",Hyundai
236,"Hyundai Yakin Masuk Lima, Bahkan Tiga Besar Merek Mobil Terlaris di Indonesia",Hyundai
237,"Creta Harus Melawan HR-V Terbaru, Hyundai Tetap Percaya Diri",Hyundai
238,Penjualan Hyundai Creta di Indonesia Sudah Mendekati 5.000 Unit,Hyundai
239,Ini Deretan Aksesoris Resmi Hyundai Creta Bergaransi,Hyundai
240,"Mau Beli Mobil Listrik Hyundai Ioniq 5? Sabar, Ya, Indennya 4-5 Bulan",Hyundai
241,Pemesanan Hyundai Ioniq 5 Tembus Hampir 1.700 SPK,Hyundai
242,Nyaris 1.700 Orang Indonesia Berduit Pesan Hyundai Ioniq 5,Hyundai
243,Penjualan Hyundai di Indonesia Cepat Banget Naik! Apa Penyebabnya?,Hyundai
244,"Hyundai Indonesia Panen SPK IONIQ 5, Tembus 1.587 Unit?",Hyundai
245,Apa Yang Membuat Hyundai CRETA Cocok Jadi Mobil Pertamamu?,Hyundai
246,"Bodi Isuzu Elf Terkoyak, Sisi Kanan Terkelupas Musuh Truk, Delapan Orang Merintih",Isuzu
247,"Cabut Tujuh Nyawa, Sopir Isuzu Elf Maut di Karawang Ditetapkan Jadi Tersangka",Isuzu
248,"Dicegat Tak Berkutik, Isi Kabin Bikin Pemilik Isuzu Panther Terancam 5 Tahun Penjara",Isuzu
249,"Toyota Avanza Misterius Ugal-ugalan, Isuzu Elf Jadi Tumbal Terjun ke Jurang 20 Meter",Isuzu
250,"Isuzu Panther Salah Diisi Pertalite, Kuras Tangki Justru Terbakar Hebat di Pom Bensin",Isuzu
251,"Sopir Isuzu Elf Pusing, Bikin Bonyok Daihatsu Gran Max, Mental Nonjok Panther",Isuzu
252,"Isuzu Panther Berhenti Mencurigakan, Warga Penasaran Dibuat Syok Saat Buka Pintu",Isuzu
253,"Rem Isuzu Elf Enggak Sampai, Bodi Fortuner, Terios dan Brio Babak Belur Beruntun",Isuzu
254,"Jeep Cherokee Sport Dipasangi Bullbar Badak, Kuat Terjang Halang Rintang",Jeep
255,"Berasa Main Game, Turun Naikin Kecepatan Jeep Gladiator Double Cabin Cuma Pakai Jari",Jeep
256,"JEEP Gladiator JT Rubicon Seharga Rp 1,98 Miliar, Punya Fitur Penghemat BBM",Jeep
257,"Ini Sebabnya Orang Berduit Suka Jeep Wrangler JK, Turun Mobil Aja Jadi Pusat Perhatian",Jeep
258,"Land Rover Rilis Range Rover Sport, Ada Versi Hybrid",Land Rover
259,"Sangar, Lexus RX Generasi Baru Mengaspal, Tawarkan 6 Varian Mesin",Lexus
260,Imajinasi Liar Wujud Baru Lexus LC 500,Lexus
261,Lexus RX Generasi Terbaru Siap Debut Bulan Depan,Lexus
262,"Ini Bocoran Tiga Mobil Baru Mazda Tahun Ini, Bikin Penasaran",Mazda
263,"Pesanan Mazda CX-5 Capai Seribu Unit, Tapi Suplai Mandek",Mazda
264,Mobil Penantang Mazda CX-5 Resmi Mengaspal di Indonesia,Mazda
265,"Mazda2 Sedan Diuji Jalan di Indonesia, Pasar Sedan Memanas?",Mazda
266,"Eurokars Siapkan New Mazda CX-5 Elite Untuk Konsumen Sogo, Kumpulin Poinnya!",Mazda
267,"Truk Canggih Rakitan Indonesia, Mercedes-Benz Axor Euro 4 Resmi Dijual",Mercedes
268,"Mercedes-Benz Axor 4028T, Canggih, Punya Cruise Control Hingga Tombol Engine Brake",Mercedes
269,Indonesia Disebut Berpotensi Menjadi Basis Ekspor Truk Mercedes-Benz,Mercedes
270,Mercedes-Benz Rilis Mobil Baru Edisi Terbatas,Mercedes
271,Mercedes-Benz Hadirkan Mobil Keluarga Baru,Mercedes
272,Mercedes-Benz Indonesia Lirik Teknologi NFT,Mercedes
273,"Akan Jual Bus Listrik di Indonesia, Mercedes-Benz Siapkan Strategi Hadapi China",Mercedes
274,"Munas ke 7 Mercedes Benz SL Club Indonesia, Terpilih Presiden Baru",Mercedes
275,"Berantakan, Mitsubishi L300 Koprol ke Jurang, Serabut Hitam Keras Berserakan",Mitsubishi
276,Kenali Keunggulan Mitsubishi Pajero Sport,Mitsubishi
277,"Desain Paten Kena Intip, Seperti Ini Dugaan Wujud Mitsubishi Xpander Cross Facelift",Mitsubishi
278,"Mitsubishi Kenalkan Aplikasi MMID, Bikin Mudah dan Nyaman",Mitsubishi
279,"Usung Konsep Life Adventure, Mitsubishi Kenalkan Branding Baru",Mitsubishi
280,"Perkuat Branding Baru, Ini Loyal Customer yang Menjadi Duta Mitsubishi",Mitsubishi
281,Tengok Aksi Berbagi Mitsubishi Indonesia di Pantai Wreda,Mitsubishi
282,"Terus Tingkatkan Kenyamanan Pelanggan, Ini yang Dilakukan Mitsubishi",Mitsubishi
283,Mitsubishi Luncurkan Mobil Listrik Harganya Rp200 Jutaan,Mitsubishi
284,"Mitsubishi Gelar Pameran di 14 Kota ini, Catat Tanggalnya!",Mitsubishi
285,"Mitsubishi Perkenalkan All New eK X EV, Jelajah Tembus 180 Km",Mitsubishi
286,"Mulai Rp 200 Jutaan, Harga Mitsubishi Xpander dan Xpander Cross Anteng di Juni 2022",Mitsubishi
287,"Mitsubishi Colt T120 Diamuk Api di SPBU, Polisi Curiga Sama Bawaannya",Mitsubishi
288,"Santai Bawa Mitsubishi L300 Berisi 2,8 Ton Solar Subsidi, Dua Pria Dijambak Polisi",Mitsubishi
289,"Mitsubishi Luncurkan Mobil Listrik Mungil eK X EV, Wajah Mirip Xpander",Mitsubishi
290,"Indonesia Penyumbang Nomor 1 Mitsubishi, Ini Mobil Terlarisnya",Mitsubishi
291,Indonesia Jualan Tertinggi Mobil Mitsubishi,Mitsubishi
292,"Jangan Bingung, Muncul Logo Kunci di Layar MID, Mitsubishi Kasih Tips Ini",Mitsubishi
293,Mitsubishi Operasikan Diler Kedua di Indramayu,Mitsubishi
294,"Beri Kualitas Terbaik, Mitsubishi Usung Konsep Duta Mitsubishi",Mitsubishi
295,"Tiga Diler Mitsubishi Baru Diresmikan, MMKSI Perkuat Jaringan Di Provinsi Lampung",Mitsubishi
296,"Dijual Rp 60 Juta Belum Laku, Penjual Mitsubishi Pajero Sport Justru Disikat Polisi",Mitsubishi
297,Mitsubishi & 4 Merek Jepang Kembangkan Ekosistem Mobil Listrik di Bali,Mitsubishi
298,"Digendong Xpander, Mitsubishi Amankan Posisi Tiga Merek Mobil Terlaris, Ini Catatan Penjualannya",Mitsubishi
299,Mitsubishi Fuso Rayakan Eksistensi 90 Tahun Fuso,Mitsubishi
300,"Mitsubishi Buka Diler ke-161 di Indonesia, Lokasinya di Indramayu",Mitsubishi
301,"Mitsubishi Triton 2022, Eksterior Disegarkan, Mesin Berstandar Euro 4",Mitsubishi
302,"Lapak Pedagang Nasi dan Durian Buyar Disabet Mitsubishi Xpander, Tiga Motor Tergeletak",Mitsubishi
303,Ganteng Banget! Mitsubishi Xpander Dipangkas Atapnya Jadi Convertible Ala Buggy,Mitsubishi
304,Datsun Bakal Dijadikan Mobil Listrik Murah oleh Nissan,Nissan
305,"All New Nissan X-Trail Versi Australia Pakai ProPilot, Indonesia Menyusul?",Nissan
306,"Calon Pembeli Datang Naik Toyota Yaris Tanpa Nopol, Pemilik Nissan Juke Kelimpungan",Nissan
307,"Nissan Jadi Pabrikan Jepang Satu-Satunya Ikut Balap Formula E, Pakai Basis Nissan LEAF",Nissan
308,"Hayo Loh, Nissan Grand Livina Disalip Kuda Asli, Lokasi Jalan Raya Solo-Jogja",Nissan
309,"Terbongkar, Nissan X-Trail B 1146 RFH Penganiaya Anak DPR di Tol Ternyata Bodong",Nissan
310,Konsultasi OTOMOTIF: Penyebab Tabung Reservoir Radiator Nissan Grand Livina 1.8 XV Pasang Surut,Nissan
311,"Kelimpungan Dilarikan Calon Pembeli, Nissan Juke Ketemu Sudah Pindah Tangan di Riau",Nissan
312,Nissan Livina Nekat Pepet Mobil Pelat Dinas di Tol Dalam Kota,Nissan
313,Nissan Laporkan Hasil Laba Bersih di Tengah Krisis Chip,Nissan
314,Nissan Berencana Buat Mobil Listrik Performa Tinggi,Nissan
315,"Tembok Bundaran Tugu kota Malang Jebol Lagi, Nissan Navara Jadi Insiden Kesekian Kali",Nissan
316,"Perkuat di Pasar Asia, Peugeot Bakal Produksi Mobil Secara Lokal di Pakistan",Peugeot
317,Uniknya Panel Instrumen Milik Peugeot 2008,Peugeot
318,Peugeot 308 Terbaru Jadi Mobil Terbaik Pilihan Wanita,Peugeot
319,Peugeot New 308 Didapuk MPV Berdesain Sensasional,Peugeot
320,"Gelar Bazaar, Astra Peugeot Tawarkan Diskon Suku Cadang Hingga 93%",Peugeot
321,"Peugeot Django Bisa Makin Ngacir, Modal Bore Up, Habis Duit Segini",Peugeot
322,"Peugeot Django Seken Cocok Dilirik, Skutik Bandel, Banyak Plusnya",Peugeot
323,"Jangan Takut Ngerawat Peugeot Django, Onderdil Bisa Pinjam ke NMAX Sampai Thunder",Peugeot
324,"Gegara Invasi Ke Ukraina, Renault Bakal Angkat Kaki Dari Russia?",Renault
325,Bos Renault : Terlalu Cepat Pindah ke EV Akan Menyakiti Lingkungan,Renault
326,Merek Mobil China Ini Bayar Rp3 Triliun Demi Beli Saham Renault Korea,Renault
327,"Renault Scenic Resmi Disuntik Mati, Au Revoir MPV Cantik",Renault
328,"Geely Beli 34% Saham Renault Korea Selatan, Demi Apa?",Renault
329,"Subaru Persiapkan Beberapa Diler di Dalam & Luar Jakarta, Beroperasi 2023",Subaru
330,"Subaru Mau Bangun 10 Diler dalam Lima Tahun, Enggak Terlalu Sedikit?",Subaru
331,"Ingin Perluas Pasar, Subaru Incar Orang-Orang Kaya Indonesia",Subaru
332,"Perhatian, Loyalis Subaru! Merek Ini Memastikan Ikut GIIAS 2022",Subaru
333,‘Napas Baru’ Subaru di Indonesia Dimulai Dari All New Forester,Subaru
334,"Enggak Disangka, Teknologi AWD di Subaru Forester 2022 Beda Dari Mobil Lain",Subaru
335,"Musuh Honda CR-V Dkk Kembali, Subaru Forester 2022 Unjuk Kelebihan Ini",Subaru
336,"Cuma Satu Mesin, Ini Alasan Subaru Forester Hybrid e-Boxer Belum Dijual di Indonesia",Subaru
337,Pemesan Subaru Forester di Indonesia Terima Unit Mulai Agustus 2022,Subaru
338,Aturan Pajak Terkini Bikin Harga Subaru Forester Kompetitif Meskipun AWD,Subaru
339,Ini Alasan Subaru Indonesia Impor Mobil dari Jepang dan Bukan Malaysia,Subaru
340,"Pakai Tipe Lineartronic, Ini Beda Transmisi Matik Subaru Forester Sama CVT Biasa",Subaru
341,Inilah Bocoran Calon SUV Subaru di Indonesia!,Subaru
342,"Joan Mir Galau Tapi Santai, Meski Ditinggal Suzuki Sudah Diajak Gabung Tim Ini",Suzuki
343,"Mulai Buka-bukaan, Begini Wujud Suzuki Ertiga Hybrid 2022 Tanpa Kamuflase",Suzuki
344,"Posisi Diderek Emblem Suzuki Ertiga Facelift Ditutup, Kalau Dibuka Isinya Ini",Suzuki
345,"Bermesin Setengah Listik, Ngerawat Suzuki Ertiga Hybrid Ada Biaya Tambahan Buat Ini",Suzuki
346,"Suzuki Hengkang dari MotoGP, Begini Pemikiran Pembalap Tim Ducati",Suzuki
347,"Suzuki Thunder 125 Kembali, Setang Model Jepit, Harga di Bawah Honda Verza 150",Suzuki
348,Segini Konsumsi BBM Suzuki Ertiga Hybrid,Suzuki
349,"Ertiga Hybrid Bisa Dikredit, Suzuki Finance Kasih Promo Spesial",Suzuki
350,Segini Harga Pesaing Mobil Suzuki Ignis di India,Suzuki
351,Suzuki Siapkan Mobil Sport Bermesin Canggih,Suzuki
352,"Beli Mobil Suzuki Sekarang, Diganjar Cashback Tambahan",Suzuki
353,"Bulan Depan, Suzuki Bakal Luncurkan Ertiga Hybrid",Suzuki
354,Suzuki Finance Siapkan Pembiayaan Spesial Untuk Ertiga Hybrid,Suzuki
355,"Inilah Penjelasan Cara Kerja Suzuki Smart Hybrid, Simple Sob",Suzuki
356,Suzuki Smart Hybrid : Kejutan Baru Untuk Konsumen Indonesia?,Suzuki
357,Mengapa Suzuki Lebih Suka AGS Ketimbang CVT? Ini Alasannya!,Suzuki
358,"Urus SIM Bisa dari Rumah, dan Konsumsi BBM Suzuki Ertiga Hybrid",Suzuki
359,"Sopir Merem Melek, Suzuki APV Kayang Hadap Langit, Tiga Orang Patah Kaki",Suzuki
360,"Keputusan Suzuki Hengkang Dari MotoGP Kesalahan Besar, Presdir FIM Beri Alasannya",Suzuki
361,"Kompromi Sama Isi Dompet, Harga Pasaran Suzuki Ertiga Bekas Mulai Menggiurkan",Suzuki
362,"Pengendara Suzuki Spin Bikin Kesalahan Fatal, Tewas Sia-sia, Disabet Daihatsu Xenia",Suzuki
363,"Dijual Rp 270 Jutaan, Intip Fitur Terbaru Dari Suzuki Ertiga Hybrid GX Manual",Suzuki
364,"Alex Rins Bingung, Suzuki Pamit Dari MotoGP, Musim Depan Pindah Tim Mana?",Suzuki
365,"Muncul Narasi Konsumsi BBM Dalam Kota Suzuki All New Ertiga Hybrid Bisa Tembus 18,2 Km/Liter?",Suzuki
366,"Dipakai All New Ertiga, Ini Detail Dari Teknologi Smart Hybrid Suzuki",Suzuki
367,"Meski Enggak Kebagian Mesin Hybrid, Suzuki Ertiga Tipe GA dan GL Ikut Disegarkan",Suzuki
368,"Rival Banyak Berubah, Ertiga Hybrid Tidak, Suzuki Pede Produk Tetap Menjual",Suzuki
369,"Gaspol, Suzuki Siap Ekspor Ertiga Hybrid ke 12 Negara, Amerika Latin Masuk",Suzuki
370,"Suzuki Cabut Dari MotoGP, BMW Rumornya Ancang-ancang Jadi Pengganti",Suzuki
371,"Paling Ditunggu, Suzuki GSX-250R Versi 2022 Meluncur, Mesin Dua Silinder",Suzuki
372,"Noleh Kanan Lolos Dari Maut, Bagasi Suzuki XL7 Terpotong, Ditebas KA Argo Wilis",Suzuki
373,"Dulu Pusing, Sekarang Dorna Sports Santuy Soal Suzuki Pamit Dari MotoGP",Suzuki
374,"Ertiga Hybrid Diarak ke 34 Kota, Suzuki Pasang Target Penjualan Segini",Suzuki
375,"Tim Suzuki Bubar, LCR Honda Siap Tampung Joan Mir dan Alex Rins Buat MotoGP 2023",Suzuki
376,"Suzuki S-Presso Terciduk Digendong Truk di Tanjung Priok, Siap Rilis Tahun Ini?",Suzuki
377,"Mumpung Masih Promo, Kredit Suzuki Ertiga Hybrid 2022, Angsuran Rp 4 Jutaan",Suzuki
378,"Bawa Anak Enggak Kehujanan dan Kepanasan, Suzuki Esteem Cocok Buat Dana Cekak",Suzuki
379,"Smart Hybrid Lanjut ke Rakitan Dalam Negeri, Sinyal Kuat Mampir di Suzuki XL7",Suzuki
380,"Niat GASGAS Gantikan Suzuki Di MotoGP Ditolak, Langsung Cari Cara Lain",Suzuki
381,"Rencana Siksa Suzuki Ertiga Hybrid Hingga 100 Ribu Km, Siapin Biaya Servis Segini",Suzuki
382,"Suzuki All New Ertiga Hybrid Mendarat di Solo, Ada 4 Pilihan, Segini Banderolnya",Suzuki
383,"Suzuki Ertiga Hybrid Tanpa Android Auto dan Apple CarPlay, Tapi Ada Fitur Mirroring Ini",Suzuki
384,"Lagi Nyapu Kena Gendam, Suzuki Ertiga Sempat Raib, Bisa Balik Berkat Keajaiban",Suzuki
385,"Lima Negara Ini Kepincut Suzuki XL7, Ekspor Melejit 30 Persen",Suzuki
386,"Seperti Mau Perang, Tim Suzuki Ecstar MotoGP Sudah Gunakan Teknologi Militer Ini",Suzuki
387,"Bisa Buat Pertimbangan, Komunitas Beberkan Plus Minus Suzuki Ertiga Seken",Suzuki
388,"Setor Rp 5 Juta, Selesai Launching Suzuki Ertiga Facelift 2022 Dikirim ke Rumah",Suzuki
389,"Santai dan Teliti, Cek Bagian Krusial Ini Saat Berburu Suzuki Ertiga Bekas",Suzuki
390,"Suzuki Satria 120R Jadi Pusat Perhatian, Pelek VND Six Star Bikin Sporty, Bobot Enteng",Suzuki
391,"Ekspor CBU Suzuki XL7 Meningkat Hingga 30%, Ini 5 Negara Yang Permintaannya Tinggi",Suzuki
392,"Diselimuti Debu, Puluhan Suzuki Smash dan Shogun Pelat Merah Terpasung di Balaikota",Suzuki
393,"Bodi Terlihat Normal, Lihat Isi Kabin Suzuki Carry Ini Bakal Syok, Meleleh Habis",Suzuki
394,"Mesin Suzuki SX4 Mendadak Bikin Panik, Perjalanan Pemilik Berakhir di Exit Tol Bawen",Suzuki
395,"Skutik Besar Baru Suzuki, Fitur Bikin Honda Forza dan Yamaha XMAX Keringat Dingin",Suzuki
396,"Terkuak, Kru Suzuki Mulai Enggak Harmonis, Imbas Pamit Dari MotoGP 2022",Suzuki
397,"Penyakit Suzuki Ertiga Manual, Gigi Mundur Macet, Biang Kerok Dari Sini",Suzuki
398,Mobil Hybrid Murah Suzuki di Indonesia Rakitan Lokal dan akan Diekspor,Suzuki
399,‘Kode’ Peluncuran Mobil Baru Suzuki Juni 2022! Ertiga Hybrid?,Suzuki
400,"Inden Suzuki Jimny di Indonesia Masih juga Panjang, Ada yang 5 Tahun!",Suzuki
401,"Segera Dijual, Harga & Biaya Perawatan Mobil Hybrid Suzuki Dijanjikan Terjangkau",Suzuki
402,"Belum Bubar Sudah Panas, Internal Tim Suzuki MotoGP Mulai Enggak Harmonis",Suzuki
403,"Malem-malem ke Tawangmangu, Tiga Cewek Terluka, Suzuki Ertiga Dikatrol Dari Jurang",Suzuki
404,"Anak Durhaka, Ngamuk Bakar Honda PCX di Garasi, Rumah dan Suzuki Carry Ikut Ludes",Suzuki
405,"Terbengkalai, Puluhan Honda Supra dan Suzuki Smash Pelat Merah Berdebu Parah di Kantor Pemkot Depok",Suzuki
406,"Suzuki Ertiga Sudah, Seperti Ini Dugaan Wujud dan Fitur XL7 Hybrid 2022",Suzuki
407,Rival Mobil Toyota Agya Siap Meluncur di India,Toyota
408,"Pesaing Toyota Raize, dan Konsumsi BBM Mobil Honda 26 Kpl",Toyota
409,Toyota Bikin Program Pelatihan Teknisi Berbasis Virtual Reality,Toyota
410,"Toyota Kijang Innova Hybrid Hadir Akhir 2022, Produksi Lokalnya Lagi Disiapkan",Toyota
411,Toyota Konversi Calya Menjadi Mobil Listrik Bersama Tiga Universitas,Toyota
412,Toyota Ungkap Hasil Riset Mobil Listrik! Konsumen Indonesia Rela Bayar Lebih Mahal?,Toyota
413,"Toyota Veloz 2022, Saudara Avanza yang Lebih Sporty dan Canggih",Toyota
414,"Toyota Fortuner Hybrid Meluncur 2023, dari Thailand ke Indonesia?",Toyota
415,Toyota Pamer Inovasi Baru di Bidang Makanan,Toyota
416,"Kerennya Mobil MPV Baru Toyota, Meluncur Sebentar Lagi",Toyota
417,"Kerennya Mobil Baru Toyota, dan Jadwal Buka Tutup Puncak",Toyota
418,Mobil Pesaing Toyota Raize Resmi Meluncur,Toyota
419,"Ogah Kalah Dari Avanza, Toyota C-HR Hybrid Dibekali Toyota Safety Sense & T inTouch",Toyota
420,"Sedan Misterius Terjepret di Thailand, All New Toyota Vios Pakai DNGA?",Toyota
421,"Demi Produksi Komponen EV di India, Toyota Investasikan 9 Triliun Rupiah",Toyota
422,Khann Rilis Paket Dress-Up Untuk Toyota Land Cruiser 300,Toyota
423,Toyota bZ4X AWD Tidak Bisa Fast-Charging Dalam Cuaca Ekstrim!,Toyota
424,xEV Center : Pusat Belajar Mobil Listrik Dari Toyota Untuk Indonesia,Toyota
425,"Jadi Hybrid + Monokok, Apakah Toyota Innova Ladder Frame Akan Disuntik Mati?",Toyota
426,"Toyota Luncurkan Fortuner Dengan Mild-Hybrid Tahun Depan, Indonesia Kebagian?",Toyota
427,"Inilah 4 Zona di xEV Center Toyota Indonesia, Bisa Nyoba Mobil Listrik!",Toyota
428,Toyota Innova Hybrid Akan Gunakan Platform TNGA-C?,Toyota
429,Toyota C-HR Hybrid Kini Dilengkapi Toyota Safety Sense,Toyota
430,Toyota Gagal Memenuhi Target Produksi karena Masalah Ini,Toyota
431,Mobil Penantang Toyota Raize Bakal Setop Diproduksi?,Toyota
432,Segini Harga Mobil Toyota Starlet Versi Baru,Toyota
433,"Toyota Camry Bikin Runyam, Nyalip Disambut Honda BR-V, Pengendara Scoopy Jadi Korban",Toyota
434,"Ulah Pemotor Ngaco, Toyota Rush Jumpalitan, Sosok di Kabin Mengejutkan",Toyota
435,"Gara-gara Toyota Vios Mogok Kehabisan Bensin, Daihatsu Gran Max Jumpalitan",Toyota
436,Toyota Investasi Besar-Besaran untuk Kendaraan Listrik,Toyota
437,"Spion Mobil Toyota Rawan Kena Potek, Si Maling Ngaku Laku Segini",Toyota
438,"Tangan Pria Ini Diborgol, Kasus Tukar Toyota Avanza Dengan Duit Rp 25 Juta",Toyota
439,"Waspada Bekas Taksi Online, Begini Tips Berburu Toyota Calya dan Daihatsu Sigra",Toyota
440,"All New Avanza Terjual 17.000, Penjualan Toyota Tumbuh 34,9%, Josgandos!",Toyota
441,"Diidamkan Penyuka SUV, Ini Kelebihan & Kekurangan Toyota Fortuner",Toyota
442,"Sedot Bensin Dari Tangki ke Jeriken, Toyota Kijang Separuh Jadi Bangkai",Toyota
443,"Sisa Atap, Toyota Agya Terseret Arus Sungai, Pengemudi Takut Lihat Laba-laba Besar",Toyota
444,"Tiga Toyota Vios PJR Ditlantas Polda Jateng Dilelang Rp 125 Juta, Polisi: Bukan Milik Polri",Toyota
445,"Niat Nyeberang Apes, Bodi Toyota Avanza Rontok, Dikuliti Mobil Dinas Satpol PP",Toyota
446,"Toyota Kijang Ulang Tahun ke-45, Innova Hybrid Dipastikan Produksi Lokal",Toyota
447,"Enggak Habis Pikir, Rp 145 Juta Habis Demi Selamatkan si Toyota Kijang Doyok Ini",Toyota
448,"Memang Tiada Duanya, Toyota Kijang Ultah ke-45, Ini Kisah Awalnya di Indonesia",Toyota
449,"Toyota New Rush Diamuk Api, Tabrak Tumpukan Besi di Tol, Menancap di Tangki",Toyota
450,"Korban Bertebaran, Aksi Licik Wanita Muda Haus Duit, Barang Bukti Toyota Avanza",Toyota
451,"Kaget Sampai ke Ubun-ubun, Toyota Rush Hancur, Ditusuk Depan Truk Makan Jalan",Toyota
452,"Parah, Satu Pelat Nomor Beda Warna Dipakai Toyota Hilux dan Kijang Innova Dinas",Toyota
453,"Penjualan Toyota Melejit 34,9 Persen, Veloz dan Avanza Terlaris",Toyota
454,"All New Ertiga Hybrid Meluncur, Toyota Siap Tandingi, Innova Hybrid Ancang-ancang",Toyota
455,"Pemilik Toyota Calya Matik Waspada, Transmisi Disebut Rentan Jebol Karena Ini",Toyota
456,"Lampu Depan Honda PCX 160 Getar, Solusi Ganti Part Milik Toyota Fortuner Ini",Toyota
457,"Ditabok Truk Boks , Toyota Calya Melintir Hingga Hancur, Pengemudi Sampai Pingsan",Toyota
458,"Enggak Perlu Dikuras, Segini Biaya Ganti Oli Matik Toyota Calya dan Daihatsu Sigra",Toyota
459,Tim TOYOTA GAZOO Racing Borong Podium Kejurnas Slalom 2022 Seri 1,Toyota
460,"Mobil Baru Segera Hadir di RI, dan Harga New Toyota Starlet",Toyota
461,"Bukan Nama Resmi, Julukan Reborn di Toyota Kijang Innova Muncul Dari Sini",Toyota
462,"Serasa Mobil Sport, Segini Biaya Pasang Paddle Shift di Setir Toyota Veloz",Toyota
463,"Melintir Jadi Petaka, Benturan Keras Bikin Toyota Avanza dan Honda Brio Sisa Rangka",Toyota
464,Mobil Keren Toyota di Indonesia Dapat Fitur Canggih,Toyota
465,Bocoran Spesifikasi Mobil Toyota Pesaing Hyundai Creta,Toyota
466,"Bukan Raize, Ini Mobil Baru Pesaing Hyundai Creta dari Toyota",Toyota
467,Toyota Ungkap Kunci Percepatan Pengembangan Mobil Listrik di RI,Toyota
468,Pembeli Mobil Toyota Dapat Layanan Baru,Toyota
469,Minat Beli Toyota Raize? Segini Biaya Servisnya,Toyota
470,Toyota Calya Versi Canggih Beredar di Indonesia,Toyota
471,Toyota Indonesia Gandeng 6 Kampus untuk Riset Mobil Listrik,Toyota
472,"Sedan Mewah Toyota Camry Rp10 Jutaan, dan Harga Rival Honda CR-V",Toyota
473,Pabrik Toyota di Jepang Kembali Didera Masalah,Toyota
474,Sedan Mewah Toyota Camry Dilelang Mulai Rp10 Jutaan,Toyota
475,Segini Harga Mobil Bekas Toyota Veloz Terbaru,Toyota
476,Toyota Camry Hadir dengan Edisi Terbaru,Toyota
477,"Pak Polisi Terkejut, Sopir Toyota Avanza Justru Diborgol Usai Tabrak Pohon",Toyota
478,Toyota Tunjukkan Hasil Pendapatan yang Meningkat,Toyota
479,Toyota Venza Hadir dengan Edisi Terbaru,Toyota
480,Bocoran Jadwal Peluncuran Toyota Innova Baru,Toyota
481,"Pedagang Tisu Jadi Saksi, Isi Kabin Toyota Rush Bikin Seorang Wanita Nangis Histeris",Toyota
482,"Toyota Alphard SC Cuma Dicolek Kaki-Kakinya, Hasilnya Rancak Bana!",Toyota
483,"Update Harga Veloz Sampai Innova, Pilihan MPV Toyota Mulai Rp 140 Jutaan",Toyota
484,"Miliarder Dadakan Desa Wadas, Borong Toyota Rush, Bus, Motor, Rumah dan Tanah Sekaligus",Toyota
485,"Toyota Avanza Misterius Ugal-ugalan, Isuzu Elf Jadi Tumbal Terjun ke Jurang 20 Meter",Toyota
486,"Mobil Baru Toyota Hadir Bulan Depan, Ini Bocorannya",Toyota
487,"Calon Pembeli Datang Naik Toyota Yaris Tanpa Nopol, Pemilik Nissan Juke Kelimpungan",Toyota
488,"Masih Bau Dealer, Toyota Raize GR Sport Babak Belur, Nangkring di Pembatas Jalan",Toyota
489,"Tragedi Jembatan Tipar Banyumas, Cabut Satu Nyawa, Toyota Calya Hancur Berantakan",Toyota
490,Toyota Corolla Conquest 2000 Tampil Makin ganteng Berkat Aksesori OEM,Toyota
491,Toyota Highlander Hadir dengan Penyegaran Baru di Mesin,Toyota
492,"Dua Toyota Avanza Beradu di Jogja, Wajah Ambyar, Pengemudi Kejepit Bodi",Toyota
493,"Anti Panas dan Hujan, Pasaran Toyota Corolla Twincam 1.6 Seharga Honda PCX 160",Toyota
494,"Volkswagen Rilis Golf R 20 Years Edition, Versi Terkencang Yang Pernah Diproduksi!",Volkswagen
495,Volkswagen Siap Produksi Ratusan Ribu Mobil Listrik di Tahun ini,Volkswagen
496,Ducati dan VW Sepakat Merakit Lokal di Argentina,Volkswagen
497,Volvo Buat Aplikasi untuk Memudahkan Pengisian Mobil Listrik,Volvo
498,"Promo Wuling Mei 2022, Bayar Rp60 Juta Bawa Pulang Almaz RS",Wuling
499,Wuling Experience Weekend: Experience the Next Innovation Hadir di Bekasi,Wuling
500,"Almaz hingga Cortez Disuntik Promo, Bisa Dapat Rp 5 Juta, Datang ke Wuling Experience Weekend",Wuling
501,"Wuling Experience Weekend Menyapa Bekasi, Beli Unit Bisa Dapat Rp 5 Juta",Wuling
502,Konsultasi OTOMOTIF : Pilih Wuling Almaz RS Atau Kijang Innova?,Wuling
503,"Bisa Dicatat, Ini Harga Spare Part Fast Moving Wuling Cortez 1.8, Mulai Rp 50 Ribuan",Wuling
504,"Wuling EV Dikenalkan, Mobil Listrik Mungil Ini Bisa Melaju 300 Kilometer Sekali Charge",Wuling
505,"Wuling EV Bakal Wara-wiri di Bali, Resmi Jadi Official Car KTT G20",Wuling
506,"Bakal Diproduksi di Pabrik Cikarang, Set Harga Wuling EV Diduga Segini",Wuling
507,Ganjar Pranowo Intip Wuling EV di  KLB dan Peresmian SPKLU Borobudur,Wuling
508,"Modal Rp 60 Juta Almaz RS Dikirim ke Rumah, Wuling Gelar Promo di Bulan Juni",Wuling
509,"Wuling New Cortez Secanggih Almaz RS, Punya Fitur IoV, Ini Fungsinya",Wuling
510,"Ramaikan Jakarta Fair 2022, Wuling Kasih Promo Menarik Ini Untuk Konsumen",Wuling
511,"Mudik Pakai Wuling Almaz RS, Manjakan Penggunanya saat Macet",Wuling
512,Wuling New Cortez Jadi MPV Andal Sesuai Kebutuhan Keluarga Indonesia,Wuling
513,"Transaksi di Wuling Experience Weekend, Bisa Dapat e-Wallet Jutaan Rupiah",Wuling
514,Saatnya Mengeksplorasi Wuling Almaz RS dan New Cortez di Even ini,Wuling
515,"Beli Salah satu Mobil Wuling Sekarang, Cicilan Cukup Segini",Wuling
516,Wuling Exclusive Offers : Promo Seluruh Line Up Untuk Pemburu Diskon!,Wuling
517,"Wuling Experience Weekend: The Next Innovation, Mulai Digelar di Jakarta",Wuling
518,"Pak Polisi Bingung Saat Razia, Ada Yamaha NMAX Tak Bertuan, Pengendara Kabur",Yamaha
519,Anggota YRFI Jajal Performa Model Baru Yamaha di Sirkuit Sentul,Yamaha
520,Sumber Mas Motor Gandeng Bank DKI Permudah Karyawan Miliki Motor Yamaha,Yamaha
521,Klub Pemilik Yamaha Fazzio Resmi Berdiri,Yamaha
522,"Yamaha Vega Remuk Sejadi-jadinya, Tabrak Pembatas, Disambut Truk dan Mobil PJR Polisi",Yamaha
523,"Bongkar Celengan, Yamaha NMAX 2017-2020 Seken Harganya Makin Miring",Yamaha
524,"Upgrade Ini Dulu Sebelum Tanam Lampu Projie ke Yamaha XMAX, Antisipasi Tekor",Yamaha
525,"Yamaha Fazzio, Skutik Bernuansa Retro dengan Fitur Modern",Yamaha
526,"Pagar Digembok Jebol, Bandit Lolos Satroni Rumah Warga, Yamaha NMAX Kandas",Yamaha
527,"Jual Yamaha RX-King di Facebook, Dua Remaja Asal Probolinggo Diborgol Polisi Gresik",Yamaha
528,"Yamaha STSJ Berbagi Kasih, Sambangi Liponsos Keputih Surabaya",Yamaha
529,Ratusan Orang Manfaatkan Bengkel Jaga Yamaha Jatim Selama Arus Mudik & Balik,Yamaha
530,"Bongkar Fakta, Yamaha R15M Lebih Canggih dari R15, tapi Performa Mesin Bikin Heran",Yamaha
531,"Ganti Kampas Ganda Yamaha NMAX Hemat Rp 240 Ribuan, Coba Praktekin Cara Ini",Yamaha
532,"Dulu Enggak Laku, Kini Harga Bekas Yamaha Aerox 155 Justru Meroket Tiap Tahun",Yamaha
533,"Antisipasi Ketemu Mekanik Ngaco, Segini Ukuran Celah Klep Yamaha NMAX",Yamaha
534,"Yamaha Aerox 155 Deg-degan, Honda Luncurkan Skutik Baru Bermesin Vario 160",Yamaha
535,"Hadiahnya 2 Fazzio, Yamaha Kembali Gelar Jingle Competition Di JJF 2022",Yamaha
536,"Tim RNF Cerai Dari Yamaha, Mulai MotoGP 2023 Pilih Jadi Tim Satelit Aprilia",Yamaha
537,"Penggemar Suka Cita, Yamaha Scorpio 250 Cc 2022 Meluncur, Harga Rp 27 Jutaan",Yamaha
538,"Di Tengah Gempuran Motor Matic, Yamaha Pede Segarkan Bebek Jupiter Z1",Yamaha
539,"Modal Karet Ban Dalam Bekas, Yamaha NMAX Dijamin Lebih Stabil Saat Nikung",Yamaha
540,"Yamaha R1M 2022, Motor Turunan MotoGP yang Makin Garang dan Bersuara Dahsyat!",Yamaha
541,"Skutik Besar Baru Suzuki, Fitur Bikin Honda Forza dan Yamaha XMAX Keringat Dingin",Yamaha
542,"Hebat, Petugas Damkar Raba Pakai Tongkat, Yamaha Scorpio Diangkat Dari Kali",Yamaha
543,"Maaf, Toprak Razgatlioglu Batal Dapat Kursi di Tim Yamaha MotoGP",Yamaha
544,"Sasis Yamaha Mio M3 Melengkung, Bodi Terburai, Pengendara Tewas Lawan Musuh Tak Imbang",Yamaha
545,"Yamaha E01 Disebar Mulai Juli 2022, Kalau Mau Coba Unitnya Ada di Mana?",Yamaha
546,"Yamaha Aerox Ganteng Instan, Ganti Pelek VND, Enteng Dan Racing",Yamaha
547,"Antisipasi Ketikung Tim Lain, Fabio Quartararo Diamankan Yamaha Hingga 2024",Yamaha
548,"Semua Model Bisa, Segini Biaya Remap ECU Yamaha Aerox, MX King Hinga R25",Yamaha
549,"Bos Dorna Sport Pastikan, Yamaha Punya Tim Satelit Lagi, Tapi Setelah MotoGP 2023",Yamaha
550,"Enggak Cuma Mobil, Yamaha Indonesia Juga Kena Imbas Krisis Chip Semikonduktor",Yamaha
551,"Mobil Pesaing Fortuner Meluncur, dan Bocoran Motor Baru Yamaha",Yamaha
